State,Education Budget,Unemployment Rate,Population Estimate,SNAPS household_participants,SNAPS individual_participants,SNAPS cost,SNAPS cost_per_person,SNAPS cost_per_household,Median Income,Year
Alabama,2831684185.0,4.4,4874486,375918.8333,804336.0,1161155532,257.4038667,120.3016667,50865,2017
Alaska,403601682.9,7.2,739700,38631.5,89112.5833,191442132,412.9663917,179.0264667,86196,2017
Arizona,5077168472.0,4.9,7044008,412988.9167,918727.6667,1335235066,269.425125,121.1127,65984,2017
Arkansas,1376380456.0,3.7,3001345,170643.6667,388362.0833,510832029,249.4633167,109.6124917,54988,2017
California,17084027581.0,4.8,39358497,1987758.0,4112066.0,6732719405,282.257675,136.44235,77410,2017
Colorado,2765702017.0,2.8,5611885,221884.75,459247.3333,701946211,263.6301833,127.3725833,82877,2017
Connecticut,1773331356.0,4.7,3573297,235305.5,410344.4167,653086669,231.2903417,132.629775,82125,2017
Delaware,459555434.4,4.6,956823,71464.5,146805.4167,210706049,245.7001333,119.6061917,71799,2017
Florida,8794744245.0,4.2,20963613,1690925.917,3186536.833,4783367429,235.7370917,125.0931583,58674,2017
Georgia,5109231256.0,4.7,10410330,756157.6667,1625414.75,2540245442,279.9510333,130.2357583,64089,2017
Hawaii,468240243.5,2.4,1424393,85869.4167,169045.0,479722381,465.5541667,236.486525,81346,2017
Idaho,689728417.7,3.2,1717715,74534.3333,171250.8333,233881652,261.492075,113.8104667,59497,2017
Illinois,7170081651.0,5.0,12778828,976672.0,1878519.0,2930325381,250.0264,129.9927167,72913,2017
Indiana,3319401466.0,3.5,6658078,297486.0,671985.6667,955393220,267.6297417,118.4788667,64953,2017
Iowa,2230980596.0,3.1,3141550,172869.0833,365892.5,482469098,232.5792333,109.884075,70148,2017
Kansas,1486510033.0,3.6,2908718,108119.0,233777.5,318488850,245.4770917,113.5299083,62889,2017
Kentucky,2209055707.0,4.9,4452268,308457.8333,654873.25,943688786,254.9480833,120.085425,54901,2017
Louisiana,2328611993.0,5.1,4670560,429811.4167,928961.9167,1440110876,279.2137083,129.1863917,43565,2017
Maine,689862463.1,3.3,1334612,93390.5,179734.1667,234405832,209.1628083,108.681725,53316,2017
Maryland,2511350458.0,4.1,6023868,359112.25,684281.9167,987124236,229.06585,120.214125,90734,2017
Massachusetts,4117827769.0,3.7,6859789,445839.75,766115.5833,1159027643,216.6375667,126.0718833,84269,2017
Michigan,5020924872.0,4.6,9973114,728586.3333,1375434.167,2069172718,236.6652417,125.364825,62342,2017
Minnesota,3942624446.0,3.5,5566230,222673.9167,453563.5833,601821006,225.225075,110.5727,77341,2017
Mississippi,1595376188.0,5.1,2988510,244489.75,537369.8333,742934749,253.226275,115.2115833,47837,2017
Missouri,3274176259.0,3.8,6106670,351512.5833,758918.1667,1116216424,264.6222083,122.566625,62481,2017
Montana,489940010.0,4.0,1052482,57589.3333,120888.5,172035838,248.9405417,118.5912583,57407,2017
Nebraska,1018198232.0,2.9,1915947,78872.4167,175848.6667,241772391,255.4467083,114.5740833,65855,2017
Nevada,813339835.1,5.0,2969905,225336.8333,440613.8333,625062614,231.1586167,118.21815,58041,2017
New Hampshire,1307252727.0,2.7,1348787,45859.25,92456.5833,112617204,204.6428333,101.5045833,83591,2017
New Jersey,3426006491.0,4.6,8885525,407229.8333,817979.25,1115682640,228.307325,113.6624833,78739,2017
New Mexico,864148148.9,6.2,2091784,217355.8333,460533.8333,669640046,256.7372417,121.1709833,50401,2017
New York,11454985934.0,4.7,19589572,1610722.583,2910894.0,4737481755,245.1012667,135.62505,68021,2017
North Carolina,4355257718.0,4.6,10268233,731363.5833,1453826.833,2140406972,243.8831417,122.6881,54762,2017
North Dakota,390821271.0,2.6,754942,25239.5833,53748.25,77842534,257.0120833,120.690025,66500,2017
Ohio,5523290838.0,5.0,11659650,746747.0,1501795.25,2226190303,248.4320083,123.5293917,67076,2017
Oklahoma,1745468226.0,4.3,3931316,273898.0833,603896.1667,879725084,267.65585,121.3957417,57343,2017
Oregon,1956703581.0,4.1,4143625,388364.1667,680670.5833,1009209337,216.5513333,123.5557667,69077,2017
Pennsylvania,7583396339.0,4.9,12787641,951410.5,1842945.083,2673354132,234.1570833,120.8823417,67736,2017
Rhode Island,769185793.9,4.5,1055673,97101.5833,164410.4167,269949378,231.67265,136.8269833,72285,2017
South Carolina,2276562599.0,4.3,5021268,337213.1667,719977.3333,1066150932,263.4710583,123.4009833,60278,2017
South Dakota,575346282.5,3.3,872868,41316.1667,93258.5,140613366,283.6124833,125.6483917,62905,2017
Tennessee,3092690181.0,3.7,6708799,512908.5,1047057.583,1586711088,257.7963167,126.2833333,55306,2017
Texas,11326225425.0,4.3,28295273,1646209.167,3921277.5,5805152020,293.8646417,123.3686417,66417,2017
Utah,1657822174.0,3.2,3101042,82772.0833,206298.6667,286288642,288.2298667,115.6448917,77135,2017
Vermont,448797739.4,3.0,624344,42087.1667,76558.3333,112961944,223.6666417,122.9584667,70385,2017
Virginia,4404295843.0,3.8,8463587,367230.5,775548.0833,1115536652,253.1417917,119.8654083,78265,2017
Washington,2475003234.0,4.8,7423362,520497.5833,929485.6667,1363774904,218.3447417,122.269675,71540,2017
West Virginia,1195333433.0,5.2,1817004,171913.4167,340307.6667,481164574,233.2397833,117.825875,51900,2017
Wisconsin,2443197825.0,3.3,5790186,343582.0833,691634.6667,877506140,212.832725,105.728525,70164,2017
Wyoming,231855269.7,4.2,578931,14101.6667,32838.5,46791729,276.514175,118.74205,65803,2017
